timestamp,hours,water_level_cm,rise_rate_cm_per_h,soil_moisture_pct,humidity_pct,temp_c,risk_index,alert_tier,rain_active,dht_ok,ultra_valid
T+000.00h,0.0,44.61,-4.6916,70,75,31.5,85.7,EVACUATE,False,True,True
T+000.08h,0.083,43.87,-8.8928,70,75,31.9,86.6,EVACUATE,False,True,True
T+000.17h,0.167,44.68,9.7703,70,75,31.4,86.6,EVACUATE,False,True,True
T+000.25h,0.25,45.08,4.7529,70,75,30.9,85.8,EVACUATE,False,True,True
T+000.33h,0.333,43.77,-15.6726,70,75,31.7,86.6,EVACUATE,False,True,True
T+000.42h,0.417,45.38,19.3183,70,75,30.7,86.6,EVACUATE,False,True,True
T+000.50h,0.5,45.94,6.6829,70,75,31.2,86.6,EVACUATE,False,True,True
T+000.58h,0.583,45.03,-10.8571,70,75,31.2,86.6,EVACUATE,False,True,True
T+000.67h,0.667,45.33,3.5798,70,75,31.3,82.3,EVACUATE,False,True,True
T+000.75h,0.75,46.73,16.7602,70,75,30.8,86.6,EVACUATE,False,True,True
T+000.83h,0.833,44.6,-25.6086,70,75,30.5,86.6,EVACUATE,False,True,True
T+000.92h,0.917,44.23,-4.3621,70,75,30.7,84.7,EVACUATE,False,True,True
T+001.00h,1.0,44.87,7.6223,70,75,30.8,86.6,EVACUATE,False,True,True
T+001.08h,1.083,42.48,-28.6648,70,75,31.0,86.6,EVACUATE,False,True,True
T+001.17h,1.167,44.71,26.8077,70,75,31.1,86.6,EVACUATE,False,True,True
T+001.25h,1.25,46.11,16.7589,70,75,31.1,86.6,EVACUATE,False,True,True
T+001.33h,1.333,44.23,-22.5827,70,75,29.5,86.6,EVACUATE,False,True,True
T+001.42h,1.417,45.6,16.5159,70,75,31.6,86.6,EVACUATE,False,True,True
T+001.50h,1.5,45.01,-7.0961,70,75,30.9,86.6,EVACUATE,False,True,True
T+001.58h,1.583,46.0,11.8329,70,75,31.0,86.6,EVACUATE,False,True,True
T+001.67h,1.667,45.12,-10.4935,70,75,30.8,86.6,EVACUATE,False,True,True
T+001.75h,1.75,46.13,12.0673,70,75,31.2,86.6,EVACUATE,False,True,True
T+001.83h,1.833,44.26,-22.4693,70,75,31.0,86.6,EVACUATE,False,True,True
T+001.92h,1.917,43.71,-6.5773,70,75,31.5,86.6,EVACUATE,False,True,True
T+002.00h,2.0,46.37,31.9171,70,75,30.9,86.6,EVACUATE,False,True,True
T+002.08h,2.083,44.11,-27.1271,70,75,31.0,86.6,EVACUATE,False,True,True
T+002.17h,2.167,44.97,10.381,70,75,30.4,86.6,EVACUATE,False,True,True
T+002.25h,2.25,45.0,0.3251,70,75,29.8,72.6,EVACUATE,False,True,True
T+002.33h,2.333,44.19,-9.7141,70,75,31.2,86.6,EVACUATE,False,True,True
T+002.42h,2.417,44.66,5.6785,70,75,31.2,86.6,EVACUATE,False,True,True
T+002.50h,2.5,46.8,25.6077,70,75,31.8,86.6,EVACUATE,False,True,True
T+002.58h,2.583,43.34,-41.5406,70,75,31.3,86.6,EVACUATE,False,True,True
T+002.67h,2.667,46.45,37.4205,70,75,30.9,86.6,EVACUATE,False,True,True
T+002.75h,2.75,45.88,-6.8982,70,75,31.3,86.6,EVACUATE,False,True,True
T+002.83h,2.833,44.99,-10.6711,70,75,31.4,86.6,EVACUATE,False,True,True
T+002.92h,2.917,44.7,-3.4531,70,75,31.0,81.9,EVACUATE,False,True,True
T+003.00h,3.0,44.51,-2.3461,70,75,31.2,78.6,EVACUATE,False,True,True
T+003.08h,3.083,44.62,1.3996,70,75,30.3,75.8,EVACUATE,False,True,True
T+003.17h,3.167,44.17,-5.4143,70,75,30.7,86.6,EVACUATE,False,True,False
T+003.25h,3.25,44.27,1.1714,70,75,31.6,75.1,EVACUATE,False,True,True
T+003.33h,3.333,45.14,10.4001,70,75,30.7,86.6,EVACUATE,False,True,True
T+003.42h,3.417,45.8,7.9829,70,75,31.6,86.6,EVACUATE,False,True,True
T+003.50h,3.5,45.05,-8.9627,70,75,30.9,86.6,EVACUATE,False,True,True
T+003.58h,3.583,45.33,3.2669,70,75,30.2,81.4,EVACUATE,False,True,True
T+003.67h,3.667,44.04,-15.4781,70,75,31.3,86.6,EVACUATE,False,True,True
T+003.75h,3.75,45.44,16.8717,70,75,30.6,86.6,EVACUATE,False,True,True
T+003.83h,3.833,47.1,19.8559,70,75,30.4,86.6,EVACUATE,False,True,True
T+003.92h,3.917,45.25,-22.1745,70,75,30.7,86.6,EVACUATE,False,True,True
T+004.00h,4.0,46.18,11.1266,70,75,31.3,86.6,EVACUATE,False,True,True
T+004.08h,4.083,44.76,-16.9539,70,75,31.0,86.6,EVACUATE,False,True,True
T+004.17h,4.167,45.39,7.5612,70,75,30.3,86.6,EVACUATE,False,True,True
T+004.25h,4.25,45.59,2.4009,70,75,31.4,78.8,EVACUATE,False,True,True
T+004.33h,4.333,46.07,5.7592,70,75,30.4,86.6,EVACUATE,False,True,True
T+004.42h,4.417,43.74,-28.0093,70,75,31.3,86.6,EVACUATE,False,True,True
T+004.50h,4.5,46.08,28.1347,70,75,30.5,86.6,EVACUATE,False,True,True
T+004.58h,4.583,44.41,-20.1569,70,75,31.6,86.6,EVACUATE,False,True,True
T+004.67h,4.667,44.76,4.2158,70,75,31.5,84.2,EVACUATE,False,True,True
T+004.75h,4.75,45.34,7.0346,70,75,31.0,86.6,EVACUATE,False,True,True
T+004.83h,4.833,44.91,-5.2489,70,75,30.5,86.6,EVACUATE,False,True,True
T+004.92h,4.917,46.48,18.8531,70,75,30.5,86.6,EVACUATE,False,True,True
T+005.00h,5.0,45.3,-14.1329,70,75,31.3,86.6,EVACUATE,False,True,True
T+005.08h,5.083,47.79,29.8672,70,75,30.8,86.6,EVACUATE,False,True,True
T+005.17h,5.167,43.48,-51.6889,70,75,31.6,86.6,EVACUATE,False,True,True
T+005.25h,5.25,46.11,31.5883,70,75,30.9,86.6,EVACUATE,False,True,False
T+005.33h,5.333,42.91,-38.4547,70,75,30.5,86.6,EVACUATE,False,True,True
T+005.42h,5.417,44.98,24.8616,70,75,30.9,86.6,EVACUATE,False,True,True
T+005.50h,5.5,46.43,17.4547,70,75,31.1,86.6,EVACUATE,False,True,True
T+005.58h,5.583,46.56,1.4692,70,75,31.7,76.0,EVACUATE,False,True,True
T+005.67h,5.667,44.3,-27.0779,70,75,30.4,86.6,EVACUATE,False,True,True
T+005.75h,5.75,44.79,5.8866,70,75,31.0,86.6,EVACUATE,False,True,True
T+005.83h,5.833,43.66,-13.5827,70,75,31.6,86.6,EVACUATE,False,True,True
T+005.92h,5.917,45.02,16.3209,70,75,31.6,86.6,EVACUATE,False,True,True
T+006.00h,6.0,44.63,-4.6245,70,75,30.8,85.5,EVACUATE,False,True,False
T+006.08h,6.083,43.86,-9.2927,70,75,31.1,86.6,EVACUATE,False,True,True
T+006.17h,6.167,44.48,7.4764,70,75,30.7,86.6,EVACUATE,False,True,True
T+006.25h,6.25,43.29,-14.2745,70,75,30.5,86.6,EVACUATE,False,True,False
T+006.33h,6.333,45.44,25.7858,70,75,31.8,86.6,EVACUATE,False,False,True
T+006.42h,6.417,44.37,-12.8604,70,75,31.2,86.6,EVACUATE,False,True,True
T+006.50h,6.5,47.21,34.0354,70,75,30.6,86.6,EVACUATE,False,True,True
T+006.58h,6.583,45.07,-25.6623,70,75,31.0,86.6,EVACUATE,False,True,True
T+006.67h,6.667,46.35,15.42,70,75,30.9,86.6,EVACUATE,False,True,True
T+006.75h,6.75,46.33,-0.3145,70,75,31.1,72.5,EVACUATE,False,True,True
T+006.83h,6.833,45.26,-12.8154,70,75,31.1,86.6,EVACUATE,False,True,True
T+006.92h,6.917,45.01,-2.9433,70,75,31.4,80.4,EVACUATE,False,True,True
T+007.00h,7.0,46.0,11.8047,70,75,31.4,86.6,EVACUATE,False,True,True
T+007.08h,7.083,45.04,-11.4817,70,75,30.4,86.6,EVACUATE,False,True,False
T+007.17h,7.167,45.12,1.0071,70,75,30.2,74.6,EVACUATE,False,True,True
T+007.25h,7.25,44.73,-4.7505,70,75,31.3,85.8,EVACUATE,False,True,True
T+007.33h,7.333,44.45,-3.3013,70,75,30.8,81.5,EVACUATE,False,True,True
T+007.42h,7.417,43.65,-9.6425,70,75,30.9,86.6,EVACUATE,False,True,True
T+007.50h,7.5,44.54,10.732,70,75,30.8,86.6,EVACUATE,False,True,True
T+007.58h,7.583,43.77,-9.2997,70,75,30.3,86.6,EVACUATE,False,True,False
T+007.67h,7.667,45.22,17.3807,70,75,30.5,86.6,EVACUATE,False,True,True
T+007.75h,7.75,42.94,-27.3413,70,75,30.6,86.6,EVACUATE,False,True,True
T+007.83h,7.833,46.55,43.3023,70,75,31.9,86.6,EVACUATE,False,True,True
T+007.92h,7.917,44.95,-19.1575,70,75,30.5,86.6,EVACUATE,False,True,True
T+008.00h,8.0,43.2,-21.0216,70,75,30.6,86.6,EVACUATE,False,True,False
T+008.08h,8.083,46.12,35.081,70,75,30.9,86.6,EVACUATE,False,False,True
T+008.17h,8.167,45.63,-5.9089,70,75,30.7,86.6,EVACUATE,False,True,True
T+008.25h,8.25,43.99,-19.7379,70,75,31.1,86.6,EVACUATE,False,True,True
T+008.33h,8.333,43.79,-2.3443,70,75,31.1,78.6,EVACUATE,False,True,True
T+008.42h,8.417,45.4,19.3557,70,75,31.3,86.6,EVACUATE,False,True,True
T+008.50h,8.5,46.09,8.2048,70,75,31.4,86.6,EVACUATE,False,True,True
T+008.58h,8.583,44.6,-17.8687,70,75,31.7,86.6,EVACUATE,False,True,True
T+008.67h,8.667,44.28,-3.7919,70,75,31.1,83.0,EVACUATE,False,True,True
T+008.75h,8.75,44.18,-1.1955,70,75,31.6,75.2,EVACUATE,False,True,True
T+008.83h,8.833,46.48,27.5873,70,75,30.3,86.6,EVACUATE,False,True,True
T+008.92h,8.917,44.8,-20.2099,70,75,31.3,86.6,EVACUATE,False,True,True
T+009.00h,9.0,44.54,-3.1102,70,75,31.6,80.9,EVACUATE,False,True,True
T+009.08h,9.083,44.94,4.8833,70,75,30.7,86.2,EVACUATE,False,True,True
T+009.17h,9.167,45.38,5.2598,70,75,30.6,86.6,EVACUATE,False,True,True
T+009.25h,9.25,46.46,12.9693,70,75,31.1,86.6,EVACUATE,False,True,True
T+009.33h,9.333,46.75,3.4654,70,75,30.5,82.0,EVACUATE,False,True,True
T+009.42h,9.417,44.18,-30.9104,70,75,31.1,86.6,EVACUATE,False,True,True
T+009.50h,9.5,44.23,0.6109,70,75,31.1,73.4,EVACUATE,False,True,True
T+009.58h,9.583,44.09,-1.6821,70,75,31.7,76.6,EVACUATE,False,True,False
T+009.67h,9.667,45.87,21.35,70,75,31.3,86.6,EVACUATE,False,True,True
T+009.75h,9.75,45.46,-4.8284,70,75,31.7,86.1,EVACUATE,False,True,True
T+009.83h,9.833,45.52,0.6707,70,75,31.4,73.6,EVACUATE,False,True,True
T+009.92h,9.917,46.42,10.7597,70,75,30.6,86.6,EVACUATE,False,True,True
T+010.00h,10.0,45.7,-8.5875,70,75,31.2,86.6,EVACUATE,False,True,True
T+010.08h,10.083,45.25,-5.4408,70,75,30.9,86.6,EVACUATE,False,True,True
T+010.17h,10.167,43.35,-22.7825,70,75,30.4,86.6,EVACUATE,False,True,True
T+010.25h,10.25,45.0,19.8237,70,75,30.8,86.6,EVACUATE,False,True,True
T+010.33h,10.333,46.03,12.3699,70,75,30.4,86.6,EVACUATE,False,True,True
T+010.42h,10.417,44.92,-13.3819,70,75,30.8,86.6,EVACUATE,False,True,True
T+010.50h,10.5,45.2,3.4051,70,75,31.0,81.8,EVACUATE,False,True,True
T+010.58h,10.583,47.32,25.4522,70,75,31.1,86.6,EVACUATE,False,True,True
T+010.67h,10.667,45.25,-24.8957,70,75,31.0,86.6,EVACUATE,False,True,True
T+010.75h,10.75,44.0,-14.9997,70,75,30.8,86.6,EVACUATE,False,True,True
T+010.83h,10.833,45.64,19.712,70,75,31.5,86.6,EVACUATE,False,True,True
T+010.92h,10.917,43.02,-31.3913,70,75,30.6,86.6,EVACUATE,False,True,True
T+011.00h,11.0,44.71,20.18,70,75,32.3,86.6,EVACUATE,False,True,True
T+011.08h,11.083,44.54,-1.9723,70,75,29.7,77.5,EVACUATE,False,True,True
T+011.17h,11.167,45.53,11.8671,70,75,31.4,86.6,EVACUATE,False,True,True
T+011.25h,11.25,46.68,13.8338,70,75,31.5,86.6,EVACUATE,False,True,True
T+011.33h,11.333,44.8,-22.6364,70,75,31.2,86.6,EVACUATE,False,True,True
T+011.42h,11.417,44.27,-6.3584,70,75,30.8,86.6,EVACUATE,False,True,True
T+011.50h,11.5,44.04,-2.7364,70,75,32.3,79.8,EVACUATE,False,True,True
T+011.58h,11.583,43.68,-4.2968,70,75,31.2,84.5,EVACUATE,False,True,True
T+011.67h,11.667,45.2,18.2539,70,75,30.8,86.6,EVACUATE,False,True,True
T+011.75h,11.75,44.62,-6.9375,70,75,31.6,86.6,EVACUATE,False,True,True
T+011.83h,11.833,45.24,7.3882,70,75,31.6,86.6,EVACUATE,False,True,True
T+011.92h,11.917,46.59,16.2383,70,75,30.3,86.6,EVACUATE,False,True,True
T+012.00h,12.0,45.66,-11.2236,70,75,30.9,86.6,EVACUATE,False,True,True
T+012.08h,12.083,45.22,-5.2883,70,75,30.3,86.6,EVACUATE,False,True,True
T+012.17h,12.167,45.0,-2.604,70,75,31.1,79.4,EVACUATE,False,True,True
T+012.25h,12.25,44.04,-11.5131,70,75,31.1,86.6,EVACUATE,False,True,True
T+012.33h,12.333,44.11,0.8963,70,75,30.7,74.3,EVACUATE,False,True,True
T+012.42h,12.417,44.97,10.2258,70,75,31.3,86.6,EVACUATE,False,True,True
T+012.50h,12.5,43.92,-12.55,70,75,30.9,86.6,EVACUATE,False,True,True
T+012.58h,12.583,43.24,-8.1656,70,75,31.0,86.6,EVACUATE,False,True,True
T+012.67h,12.667,43.09,-1.7837,70,75,30.4,76.9,EVACUATE,False,True,True
T+012.75h,12.75,46.19,37.2087,70,75,31.5,86.6,EVACUATE,False,True,True
T+012.83h,12.833,44.98,-14.5264,70,75,31.0,86.6,EVACUATE,False,True,True
T+012.92h,12.917,46.2,14.6244,70,75,30.7,86.6,EVACUATE,False,True,True
T+013.00h,13.0,44.89,-15.7107,70,75,31.1,86.6,EVACUATE,False,True,True
T+013.08h,13.083,44.97,0.9367,70,75,31.9,74.4,EVACUATE,False,True,True
T+013.17h,13.167,45.32,4.2285,70,75,31.2,84.3,EVACUATE,False,False,True
T+013.25h,13.25,45.49,1.9918,70,75,31.4,77.6,EVACUATE,False,True,True
T+013.33h,13.333,42.92,-30.7916,70,75,30.6,86.6,EVACUATE,False,True,True
T+013.42h,13.417,43.19,3.1731,70,75,31.5,81.1,EVACUATE,False,True,True
T+013.50h,13.5,45.31,25.4602,70,75,31.2,86.6,EVACUATE,False,True,True
T+013.58h,13.583,46.66,16.1977,70,75,30.1,86.6,EVACUATE,False,True,True
T+013.67h,13.667,44.69,-23.6528,70,75,31.7,86.6,EVACUATE,False,True,False
T+013.75h,13.75,44.26,-5.071,70,75,32.2,86.6,EVACUATE,False,True,True
T+013.83h,13.833,44.22,-0.5071,70,75,30.1,73.1,EVACUATE,False,True,True
T+013.92h,13.917,46.19,23.6381,70,75,30.7,86.6,EVACUATE,False,True,True
T+014.00h,14.0,45.48,-8.5439,70,75,31.1,86.6,EVACUATE,False,True,True
T+014.08h,14.083,45.76,3.3908,70,75,31.0,81.8,EVACUATE,False,True,True
T+014.17h,14.167,46.45,8.3124,70,75,30.8,86.6,EVACUATE,False,False,True
T+014.25h,14.25,44.69,-21.1261,70,75,31.0,86.6,EVACUATE,False,True,True
T+014.33h,14.333,45.52,9.9599,70,75,30.6,86.6,EVACUATE,False,True,True
T+014.42h,14.417,44.78,-8.891,70,75,30.8,86.6,EVACUATE,False,True,True
T+014.50h,14.5,46.86,24.9554,70,75,30.3,86.6,EVACUATE,False,True,True
T+014.58h,14.583,43.18,-44.2204,70,75,30.3,86.6,EVACUATE,False,True,True
T+014.67h,14.667,44.8,19.4924,70,75,30.6,86.6,EVACUATE,False,True,True
T+014.75h,14.75,45.33,6.3018,70,75,31.4,86.6,EVACUATE,False,True,True
T+014.83h,14.833,46.02,8.279,70,75,30.9,86.6,EVACUATE,False,True,True
T+014.92h,14.917,43.9,-25.3561,70,75,31.3,86.6,EVACUATE,False,True,True
T+015.00h,15.0,45.92,24.2253,70,75,31.2,86.6,EVACUATE,False,True,True
T+015.08h,15.083,46.23,3.7045,70,75,31.2,82.7,EVACUATE,False,True,True
T+015.17h,15.167,44.59,-19.7537,70,75,31.8,86.6,EVACUATE,False,True,True
T+015.25h,15.25,44.06,-6.2516,70,75,30.4,86.6,EVACUATE,False,True,True
T+015.33h,15.333,45.69,19.4804,70,75,30.9,86.6,EVACUATE,False,True,False
T+015.42h,15.417,43.77,-22.9946,70,75,31.0,86.6,EVACUATE,False,True,True
T+015.50h,15.5,44.41,7.6723,70,75,31.3,86.6,EVACUATE,False,True,True
T+015.58h,15.583,45.36,11.3889,70,75,31.2,86.6,EVACUATE,False,True,True
T+015.67h,15.667,45.25,-1.3054,70,75,30.8,75.5,EVACUATE,False,True,True
T+015.75h,15.75,44.88,-4.4451,70,75,31.2,84.9,EVACUATE,False,True,True
T+015.83h,15.833,44.57,-3.7493,70,75,30.7,82.8,EVACUATE,False,True,True
T+015.92h,15.917,44.97,4.8123,70,75,30.9,86.0,EVACUATE,False,True,False
T+016.00h,16.0,46.79,21.8488,70,75,31.3,86.6,EVACUATE,False,True,True
T+016.08h,16.083,44.67,-25.4899,70,75,31.0,86.6,EVACUATE,False,True,True
T+016.17h,16.167,45.75,13.0483,70,75,30.7,86.6,EVACUATE,False,True,True
T+016.25h,16.25,45.08,-8.0632,70,75,30.9,86.6,EVACUATE,False,True,True
T+016.33h,16.333,46.23,13.7937,70,75,31.9,86.6,EVACUATE,False,True,True
T+016.42h,16.417,46.91,8.1972,70,75,30.7,86.6,EVACUATE,False,True,True
T+016.50h,16.5,46.0,-10.9739,70,75,31.0,86.6,EVACUATE,False,True,True
T+016.58h,16.583,45.96,-0.4506,70,75,30.2,72.9,EVACUATE,False,True,True
T+016.67h,16.667,43.85,-25.3587,70,75,30.7,86.6,EVACUATE,False,True,False
T+016.75h,16.75,45.43,18.9771,70,75,30.9,86.6,EVACUATE,False,True,True
T+016.83h,16.833,45.33,-1.2209,70,75,30.0,75.2,EVACUATE,False,True,True
T+016.92h,16.917,44.32,-12.1145,70,75,31.0,86.6,EVACUATE,False,True,True
T+017.00h,17.0,46.05,20.7296,70,75,31.1,86.6,EVACUATE,False,False,True
T+017.08h,17.083,45.49,-6.699,70,75,31.2,86.6,EVACUATE,False,True,True
T+017.17h,17.167,44.11,-16.4933,70,75,30.9,86.6,EVACUATE,False,True,True
T+017.25h,17.25,46.16,24.5542,70,75,31.5,86.6,EVACUATE,False,True,True
T+017.33h,17.333,43.39,-33.2229,70,75,31.9,86.6,EVACUATE,False,True,True
T+017.42h,17.417,46.06,32.0394,70,75,30.6,86.6,EVACUATE,False,True,True
T+017.50h,17.5,43.13,-35.1317,70,75,31.3,86.6,EVACUATE,False,True,True
T+017.58h,17.583,43.83,8.3942,70,75,31.5,86.6,EVACUATE,False,True,True
T+017.67h,17.667,44.06,2.7724,70,75,31.8,79.9,EVACUATE,False,True,True
T+017.75h,17.75,44.58,6.1554,70,75,30.8,86.6,EVACUATE,False,True,False
T+017.83h,17.833,47.67,37.1406,70,75,31.5,86.6,EVACUATE,False,True,True
T+017.92h,17.917,42.93,-56.9382,70,75,30.8,86.6,EVACUATE,False,True,True
T+018.00h,18.0,43.77,10.141,70,75,30.9,86.6,EVACUATE,False,True,True
T+018.08h,18.083,42.83,-11.2677,70,75,30.5,86.6,EVACUATE,False,True,True
T+018.17h,18.167,45.54,32.4182,70,75,30.9,86.6,EVACUATE,False,True,True
T+018.25h,18.25,44.09,-17.325,70,75,31.0,86.6,EVACUATE,False,True,True
T+018.33h,18.333,45.89,21.5614,70,75,31.2,86.6,EVACUATE,False,True,True
T+018.42h,18.417,43.34,-30.5222,70,75,30.3,86.6,EVACUATE,False,True,True
T+018.50h,18.5,45.12,21.2803,70,75,31.3,86.6,EVACUATE,False,True,True
T+018.58h,18.583,44.57,-6.6195,70,75,31.3,86.6,EVACUATE,False,True,True
T+018.67h,18.667,44.21,-4.2445,70,75,31.0,84.3,EVACUATE,False,True,True
T+018.75h,18.75,43.82,-4.6839,70,75,31.5,85.6,EVACUATE,False,True,False
T+018.83h,18.833,45.67,22.1712,70,75,31.5,86.6,EVACUATE,False,False,False
T+018.92h,18.917,44.77,-10.8098,70,75,31.2,86.6,EVACUATE,False,True,True
T+019.00h,19.0,44.79,0.2013,70,75,31.3,72.2,EVACUATE,False,True,True
T+019.08h,19.083,44.99,2.4468,70,75,30.8,78.9,EVACUATE,False,True,True
T+019.17h,19.167,44.62,-4.4116,70,75,30.9,84.8,EVACUATE,False,True,True
T+019.25h,19.25,45.43,9.7122,70,75,31.3,86.6,EVACUATE,False,True,True
T+019.33h,19.333,45.17,-3.1103,70,75,31.7,80.9,EVACUATE,False,True,True
T+019.42h,19.417,44.87,-3.6288,70,75,30.7,82.5,EVACUATE,False,True,True
T+019.50h,19.5,43.34,-18.3404,70,75,31.9,86.6,EVACUATE,False,True,True
T+019.58h,19.583,44.93,19.095,70,75,31.1,86.6,EVACUATE,False,True,True
T+019.67h,19.667,43.83,-13.2731,70,75,30.7,86.6,EVACUATE,False,True,True
T+019.75h,19.75,44.62,9.4751,70,75,30.4,86.6,EVACUATE,False,True,True
T+019.83h,19.833,45.05,5.1611,70,75,30.8,86.6,EVACUATE,False,True,True
T+019.92h,19.917,45.95,10.8612,70,75,31.6,86.6,EVACUATE,False,True,True
T+020.00h,20.0,44.57,-16.5547,70,75,30.1,86.6,EVACUATE,False,True,True
T+020.08h,20.083,45.34,9.2623,70,75,31.6,86.6,EVACUATE,False,True,True
T+020.17h,20.167,45.51,2.0336,70,75,31.4,77.7,EVACUATE,False,True,True
T+020.25h,20.25,43.76,-20.982,70,75,30.8,86.6,EVACUATE,False,True,True
T+020.33h,20.333,45.59,21.8944,70,75,30.7,86.6,EVACUATE,False,True,True
T+020.42h,20.417,43.51,-24.9883,70,75,31.5,86.6,EVACUATE,False,True,True
T+020.50h,20.5,43.66,1.8465,70,75,31.0,77.1,EVACUATE,False,True,True
T+020.58h,20.583,44.27,7.269,70,75,31.8,86.6,EVACUATE,False,True,True
T+020.67h,20.667,43.67,-7.2185,70,75,31.2,86.6,EVACUATE,False,True,True
T+020.75h,20.75,44.14,5.7297,70,75,30.8,86.6,EVACUATE,False,True,True
T+020.83h,20.833,46.09,23.4208,70,75,31.0,86.6,EVACUATE,False,True,True
T+020.92h,20.917,45.07,-12.2994,70,75,31.2,86.6,EVACUATE,False,True,True
T+021.00h,21.0,45.27,2.3985,70,75,31.3,78.8,EVACUATE,False,True,True
T+021.08h,21.083,44.19,-12.977,70,75,31.1,86.6,EVACUATE,False,True,True
T+021.17h,21.167,43.78,-4.9307,70,75,30.4,86.4,EVACUATE,False,True,True
T+021.25h,21.25,43.81,0.3634,70,75,30.1,72.7,EVACUATE,False,True,True
T+021.33h,21.333,43.51,-3.6246,70,75,30.9,82.5,EVACUATE,False,True,True
T+021.42h,21.417,43.43,-0.8942,70,75,30.4,74.3,EVACUATE,False,True,True
T+021.50h,21.5,44.7,15.1769,70,75,31.4,86.6,EVACUATE,False,True,True
T+021.58h,21.583,43.42,-15.3175,70,75,30.6,86.6,EVACUATE,False,True,True
T+021.67h,21.667,44.25,9.9381,70,75,31.3,86.6,EVACUATE,False,True,True
T+021.75h,21.75,47.06,33.7278,70,75,30.9,86.6,EVACUATE,False,True,True
T+021.83h,21.833,44.41,-31.805,70,75,31.1,86.6,EVACUATE,False,True,True
T+021.92h,21.917,44.59,2.1851,70,75,31.3,78.1,EVACUATE,False,True,True
T+022.00h,22.0,44.66,0.8055,70,75,31.2,74.0,EVACUATE,False,True,True
T+022.08h,22.083,43.63,-12.3334,70,75,30.9,86.6,EVACUATE,False,True,True
T+022.17h,22.167,43.86,2.8208,70,75,31.4,80.0,EVACUATE,False,True,True
T+022.25h,22.25,43.9,0.4445,70,75,30.8,72.9,EVACUATE,False,True,True
T+022.33h,22.333,42.81,-13.0517,70,75,30.4,86.6,EVACUATE,False,True,True
T+022.42h,22.417,44.92,25.3326,70,75,29.9,86.6,EVACUATE,False,True,True
T+022.50h,22.5,44.15,-9.2779,70,75,31.3,86.6,EVACUATE,False,True,True
T+022.58h,22.583,45.25,13.153,70,75,30.6,86.6,EVACUATE,False,True,True
T+022.67h,22.667,42.06,-38.2174,70,75,31.0,86.6,EVACUATE,False,True,True
T+022.75h,22.75,44.54,29.7781,70,75,31.2,86.6,EVACUATE,False,True,True
T+022.83h,22.833,42.49,-24.6731,70,75,30.8,86.6,EVACUATE,False,True,True
T+022.92h,22.917,46.68,50.2601,70,75,30.6,86.6,EVACUATE,False,True,True
T+023.00h,23.0,43.7,-35.7645,70,75,31.7,86.6,EVACUATE,False,True,True
T+023.08h,23.083,45.83,25.6427,70,75,30.8,86.6,EVACUATE,False,True,True
T+023.17h,23.167,45.43,-4.8429,70,75,31.9,86.1,EVACUATE,False,True,True
T+023.25h,23.25,45.15,-3.3393,70,75,31.0,81.6,EVACUATE,False,True,True
T+023.33h,23.333,45.39,2.9247,70,75,31.0,80.4,EVACUATE,False,True,True
T+023.42h,23.417,43.83,-18.7754,70,75,32.7,86.6,EVACUATE,False,True,True
T+023.50h,23.5,43.96,1.5036,70,75,30.8,76.1,EVACUATE,False,True,True
T+023.58h,23.583,44.95,11.9463,70,75,30.6,86.6,EVACUATE,False,True,True
T+023.67h,23.667,44.54,-4.9446,70,75,30.8,86.4,EVACUATE,False,True,True
T+023.75h,23.75,44.7,1.8795,70,75,30.6,77.2,EVACUATE,False,True,True
T+023.83h,23.833,45.83,13.6267,70,75,31.1,86.6,EVACUATE,False,True,True
T+023.92h,23.917,46.33,5.9818,70,75,30.7,86.6,EVACUATE,False,True,True
T+024.00h,24.0,45.3,-12.3792,70,75,31.3,86.6,EVACUATE,False,True,True
T+024.08h,24.083,45.34,0.492,70,75,30.8,73.1,EVACUATE,False,True,True
T+024.17h,24.167,45.39,0.6369,70,75,30.9,73.5,EVACUATE,False,True,True
T+024.25h,24.25,46.08,8.2497,70,75,30.5,86.6,EVACUATE,False,True,True
T+024.33h,24.333,43.71,-28.4026,70,75,30.4,86.6,EVACUATE,False,True,True
T+024.42h,24.417,44.22,6.0938,70,75,30.8,86.6,EVACUATE,False,True,True
T+024.50h,24.5,45.8,18.9972,70,75,31.1,86.6,EVACUATE,False,True,True
T+024.58h,24.583,44.89,-10.9141,70,75,30.7,86.6,EVACUATE,False,True,True
T+024.67h,24.667,43.69,-14.3911,70,75,30.8,86.6,EVACUATE,False,True,True
T+024.75h,24.75,44.11,4.998,70,75,31.0,86.6,EVACUATE,False,True,True
T+024.83h,24.833,46.21,25.2002,70,75,31.2,86.6,EVACUATE,False,True,True
T+024.92h,24.917,45.49,-8.6668,70,75,29.9,86.6,EVACUATE,False,True,True
T+025.00h,25.0,43.61,-22.5532,70,75,31.5,86.6,EVACUATE,False,True,False
T+025.08h,25.083,45.15,18.4736,70,75,31.0,86.6,EVACUATE,False,True,True
T+025.17h,25.167,45.18,0.3381,70,75,31.3,72.6,EVACUATE,False,True,True
T+025.25h,25.25,45.06,-1.4635,70,75,30.9,76.0,EVACUATE,False,True,True
T+025.33h,25.333,46.08,12.3169,70,75,30.8,86.6,EVACUATE,False,True,True
T+025.42h,25.417,44.68,-16.8542,70,75,30.4,86.6,EVACUATE,False,True,True
T+025.50h,25.5,46.76,24.9933,70,75,31.0,86.6,EVACUATE,False,True,True
T+025.58h,25.583,43.91,-34.2513,70,75,30.7,86.6,EVACUATE,False,True,True
T+025.67h,25.667,45.29,16.5949,70,75,31.7,86.6,EVACUATE,False,True,True
T+025.75h,25.75,44.28,-12.1224,70,75,30.0,86.6,EVACUATE,False,True,True
T+025.83h,25.833,44.07,-2.5285,70,75,29.7,79.2,EVACUATE,False,True,True
T+025.92h,25.917,44.19,1.5217,70,75,30.7,76.2,EVACUATE,False,True,True
T+026.00h,26.0,43.47,-8.6688,70,75,30.3,86.6,EVACUATE,False,True,True
T+026.08h,26.083,45.01,18.4804,70,75,31.6,86.6,EVACUATE,False,True,False
T+026.17h,26.167,43.82,-14.2773,70,75,31.4,86.6,EVACUATE,False,True,True
T+026.25h,26.25,45.42,19.1557,70,75,30.2,86.6,EVACUATE,False,True,True
T+026.33h,26.333,43.49,-23.0832,70,75,31.3,86.6,EVACUATE,False,True,True
T+026.42h,26.417,44.83,15.9671,70,75,31.1,86.6,EVACUATE,False,True,False
T+026.50h,26.5,45.08,3.0776,70,75,31.6,80.8,EVACUATE,False,True,True
T+026.58h,26.583,43.97,-13.3428,70,75,31.0,86.6,EVACUATE,False,True,True
T+026.67h,26.667,45.5,18.3832,70,75,31.3,86.6,EVACUATE,False,True,True
T+026.75h,26.75,43.04,-29.5367,70,75,30.0,86.6,EVACUATE,False,True,True
T+026.83h,26.833,46.02,35.7136,70,75,30.8,86.6,EVACUATE,False,True,True
T+026.92h,26.917,46.23,2.5009,70,75,31.5,79.1,EVACUATE,False,True,True
T+027.00h,27.0,43.11,-37.3565,70,75,31.3,86.6,EVACUATE,False,True,True
T+027.08h,27.083,44.76,19.7492,70,75,30.4,86.6,EVACUATE,False,True,True
T+027.17h,27.167,45.01,3.0713,70,75,31.3,80.8,EVACUATE,False,True,True
T+027.25h,27.25,44.34,-8.1247,70,75,30.7,86.6,EVACUATE,False,True,True
T+027.33h,27.333,43.13,-14.5151,70,75,31.0,86.6,EVACUATE,False,True,True
T+027.42h,27.417,45.46,28.0501,70,75,31.0,86.6,EVACUATE,False,True,True
T+027.50h,27.5,43.09,-28.5317,70,75,30.7,86.6,EVACUATE,False,True,True
T+027.58h,27.583,44.94,22.2464,70,75,30.8,86.6,EVACUATE,False,True,True
T+027.67h,27.667,43.21,-20.764,70,75,31.6,86.6,EVACUATE,False,True,True
T+027.75h,27.75,44.89,20.1701,70,75,31.7,86.6,EVACUATE,False,True,True
T+027.83h,27.833,45.95,12.6667,70,75,30.5,86.6,EVACUATE,False,True,True
T+027.92h,27.917,45.85,-1.1104,70,75,31.3,74.9,EVACUATE,False,True,True
T+028.00h,28.0,44.06,-21.5044,70,75,30.5,86.6,EVACUATE,False,True,True
T+028.08h,28.083,43.67,-4.7659,70,75,31.0,85.9,EVACUATE,False,True,True
T+028.17h,28.167,44.73,12.8089,70,75,30.3,86.6,EVACUATE,False,True,False
T+028.25h,28.25,44.15,-6.9717,70,75,30.7,86.6,EVACUATE,False,True,True
T+028.33h,28.333,46.17,24.1897,70,75,31.3,86.6,EVACUATE,False,True,True
T+028.42h,28.417,45.06,-13.2817,70,75,30.5,86.6,EVACUATE,False,True,True
T+028.50h,28.5,44.31,-9.0222,70,75,30.1,86.6,EVACUATE,False,True,True
T+028.58h,28.583,42.9,-16.9565,70,75,30.6,86.6,EVACUATE,False,True,True
T+028.67h,28.667,43.81,10.9332,70,75,31.4,86.6,EVACUATE,False,True,True
T+028.75h,28.75,42.47,-15.9992,70,75,30.5,86.6,EVACUATE,False,True,True
T+028.83h,28.833,46.83,52.3207,70,75,31.1,86.6,EVACUATE,False,True,True
T+028.92h,28.917,43.94,-34.704,70,75,30.8,86.6,EVACUATE,False,True,True
T+029.00h,29.0,44.12,2.0935,70,75,31.2,77.9,EVACUATE,False,True,False
T+029.08h,29.083,45.01,10.7691,70,75,31.3,86.6,EVACUATE,False,True,True
T+029.17h,29.167,45.9,10.6866,70,75,31.1,86.6,EVACUATE,False,True,True
T+029.25h,29.25,44.46,-17.385,70,75,30.8,86.6,EVACUATE,False,True,True
T+029.33h,29.333,43.01,-17.3746,70,75,30.6,86.6,EVACUATE,False,True,True
T+029.42h,29.417,43.5,5.8742,70,75,31.4,86.6,EVACUATE,False,True,True
T+029.50h,29.5,43.4,-1.2165,70,75,30.8,75.2,EVACUATE,False,True,True
T+029.58h,29.583,43.36,-0.441,70,75,31.0,72.9,EVACUATE,False,True,True
T+029.67h,29.667,44.57,14.5799,70,75,30.7,86.6,EVACUATE,False,True,True
T+029.75h,29.75,46.99,29.0318,70,75,31.2,86.6,EVACUATE,False,True,True
T+029.83h,29.833,43.39,-43.1864,70,75,30.9,86.6,EVACUATE,False,True,True
T+029.92h,29.917,45.77,28.4587,70,75,30.0,86.6,EVACUATE,False,True,True
T+030.00h,30.0,45.75,-0.1536,70,75,30.5,72.0,EVACUATE,False,True,True
T+030.08h,30.083,45.94,2.1982,70,75,31.5,78.2,EVACUATE,False,True,True
T+030.17h,30.167,45.93,-0.0968,70,75,30.8,71.9,EVACUATE,False,True,True
T+030.25h,30.25,44.71,-14.6106,70,75,31.2,86.6,EVACUATE,False,True,True
T+030.33h,30.333,46.24,18.3161,70,75,31.4,86.6,EVACUATE,False,True,True
T+030.42h,30.417,42.22,-48.2528,70,75,32.1,86.6,EVACUATE,False,True,True
T+030.50h,30.5,45.5,39.4025,70,75,30.7,86.6,EVACUATE,False,True,False
T+030.58h,30.583,43.36,-25.6482,70,75,31.3,86.6,EVACUATE,False,True,True
T+030.67h,30.667,43.95,7.0182,70,75,30.5,86.6,EVACUATE,False,True,True
T+030.75h,30.75,42.6,-16.1907,70,75,30.4,86.6,EVACUATE,False,True,True
T+030.83h,30.833,44.89,27.4482,70,75,30.5,86.6,EVACUATE,False,True,True
T+030.92h,30.917,46.42,18.3698,70,75,31.2,86.6,EVACUATE,False,True,True
T+031.00h,31.0,43.55,-34.4029,70,75,31.6,86.6,EVACUATE,False,True,False
T+031.08h,31.083,44.3,8.9677,70,75,29.6,86.6,EVACUATE,False,True,True
T+031.17h,31.167,45.53,14.8108,70,75,30.9,86.6,EVACUATE,False,True,True
T+031.25h,31.25,44.16,-16.4478,70,75,30.8,86.6,EVACUATE,False,True,True
T+031.33h,31.333,44.9,8.8733,70,75,31.7,86.6,EVACUATE,False,True,True
T+031.42h,31.417,44.88,-0.2866,70,75,31.4,72.4,EVACUATE,False,True,True
T+031.50h,31.5,43.89,-11.7888,70,75,31.2,86.6,EVACUATE,False,True,True
T+031.58h,31.583,45.31,16.9784,70,75,30.5,86.6,EVACUATE,False,True,True
T+031.67h,31.667,43.26,-24.5365,70,75,30.8,86.6,EVACUATE,False,True,True
T+031.75h,31.75,45.38,25.4592,70,75,30.8,86.6,EVACUATE,False,True,True
T+031.83h,31.833,44.09,-15.5083,70,75,31.3,86.6,EVACUATE,False,True,True
T+031.92h,31.917,44.44,4.2061,70,75,30.6,84.2,EVACUATE,False,True,True
T+032.00h,32.0,45.56,13.439,70,75,30.6,86.6,EVACUATE,False,True,True
T+032.08h,32.083,43.05,-30.1754,70,75,30.6,86.6,EVACUATE,False,True,True
T+032.17h,32.167,44.97,23.0262,70,75,30.7,86.6,EVACUATE,False,True,True
T+032.25h,32.25,45.96,11.953,70,75,30.3,86.6,EVACUATE,False,True,True
T+032.33h,32.333,43.81,-25.8975,70,75,30.3,86.6,EVACUATE,False,True,True
T+032.42h,32.417,45.31,18.0818,70,75,31.1,86.6,EVACUATE,False,True,True
T+032.50h,32.5,42.14,-38.0215,70,75,31.2,86.6,EVACUATE,False,True,True
T+032.58h,32.583,42.78,7.6188,70,75,30.8,86.6,EVACUATE,False,True,True
T+032.67h,32.667,44.36,19.0109,70,75,31.4,86.6,EVACUATE,False,True,False
T+032.75h,32.75,45.48,13.3885,70,75,30.6,86.6,EVACUATE,False,True,True
T+032.83h,32.833,45.31,-2.0386,70,75,31.4,77.7,EVACUATE,False,True,True
T+032.92h,32.917,45.43,1.4141,70,75,30.6,75.8,EVACUATE,False,True,True
T+033.00h,33.0,44.66,-9.2401,70,75,30.5,86.6,EVACUATE,False,True,True
T+033.08h,33.083,44.78,1.4475,70,75,30.8,75.9,EVACUATE,False,True,False
T+033.17h,33.167,44.26,-6.2026,70,75,31.5,86.6,EVACUATE,False,True,True
T+033.25h,33.25,45.26,12.058,70,75,31.6,86.6,EVACUATE,False,True,True
T+033.33h,33.333,45.48,2.5264,70,75,31.6,79.2,EVACUATE,False,True,True
T+033.42h,33.417,45.66,2.2753,70,75,31.5,78.4,EVACUATE,False,True,True
T+033.50h,33.5,45.25,-4.9912,70,75,30.5,86.6,EVACUATE,False,True,True
T+033.58h,33.583,43.22,-24.3709,70,75,30.7,86.6,EVACUATE,False,True,True
T+033.67h,33.667,43.44,2.6844,70,75,30.8,79.6,EVACUATE,False,True,True
T+033.75h,33.75,42.58,-10.3368,70,75,30.2,86.6,EVACUATE,False,True,True
T+033.83h,33.833,44.2,19.4877,70,75,31.4,86.6,EVACUATE,False,True,True
T+033.92h,33.917,45.05,10.1086,70,75,31.2,86.6,EVACUATE,False,True,True
T+034.00h,34.0,45.06,0.1914,70,75,30.7,72.2,EVACUATE,False,True,True
T+034.08h,34.083,45.25,2.2452,70,75,31.6,78.3,EVACUATE,False,True,True
T+034.17h,34.167,44.81,-5.3271,70,75,31.5,86.6,EVACUATE,False,True,True
T+034.25h,34.25,44.32,-5.8187,70,75,30.9,86.6,EVACUATE,False,True,True
T+034.33h,34.333,43.39,-11.2023,70,75,30.7,86.6,EVACUATE,False,True,True
T+034.42h,34.417,42.95,-5.2425,70,75,31.6,86.6,EVACUATE,False,True,False
T+034.50h,34.5,45.2,26.9392,70,75,29.6,86.6,EVACUATE,False,True,True
T+034.58h,34.583,45.46,3.1709,70,75,30.6,81.1,EVACUATE,False,True,True
T+034.67h,34.667,44.98,-5.76,70,75,30.9,86.6,EVACUATE,False,True,True
T+034.75h,34.75,43.82,-13.9419,70,75,30.5,86.6,EVACUATE,False,True,True
T+034.83h,34.833,44.15,3.9908,70,75,32.6,83.6,EVACUATE,False,True,True
T+034.92h,34.917,45.09,11.2761,70,75,31.1,86.6,EVACUATE,False,True,True
T+035.00h,35.0,44.98,-1.3043,70,75,30.9,75.5,EVACUATE,False,True,True
T+035.08h,35.083,44.23,-9.0572,70,75,31.5,86.6,EVACUATE,False,True,True
T+035.17h,35.167,44.2,-0.2928,70,75,30.2,72.5,EVACUATE,False,True,True
T+035.25h,35.25,46.55,28.1884,70,75,32.2,86.6,EVACUATE,False,True,True
T+035.33h,35.333,44.76,-21.4574,70,75,31.2,86.6,EVACUATE,False,True,True
T+035.42h,35.417,44.85,1.0465,70,75,32.0,74.7,EVACUATE,False,True,True
T+035.50h,35.5,44.38,-5.6132,70,75,31.6,86.6,EVACUATE,False,True,True
T+035.58h,35.583,43.9,-5.7937,70,75,30.5,86.6,EVACUATE,False,True,True
T+035.67h,35.667,46.37,29.636,70,75,31.1,86.6,EVACUATE,False,True,True
T+035.75h,35.75,43.12,-39.0029,70,75,30.5,86.6,EVACUATE,False,True,True
T+035.83h,35.833,45.16,24.4804,70,75,31.1,86.6,EVACUATE,False,True,True
T+035.92h,35.917,44.98,-2.1904,70,75,30.9,78.2,EVACUATE,False,True,True
T+036.00h,36.0,44.63,-4.2107,70,75,30.1,84.2,EVACUATE,False,True,False
T+036.08h,36.083,44.11,-6.2324,70,75,32.1,86.6,EVACUATE,False,True,False
T+036.17h,36.167,43.32,-9.3802,70,75,30.9,86.6,EVACUATE,False,True,True
T+036.25h,36.25,45.05,20.6805,70,75,30.2,86.6,EVACUATE,False,True,False
T+036.33h,36.333,43.82,-14.7101,70,75,31.1,86.6,EVACUATE,False,True,True
T+036.42h,36.417,43.85,0.2881,70,75,32.0,72.5,EVACUATE,False,True,True
T+036.50h,36.5,44.0,1.9011,70,75,29.9,77.3,EVACUATE,False,True,True
T+036.58h,36.583,42.71,-15.5657,70,75,31.2,86.6,EVACUATE,False,True,True
T+036.67h,36.667,43.43,8.6489,70,75,30.4,86.6,EVACUATE,False,True,True
T+036.75h,36.75,45.77,28.1055,70,75,31.5,86.6,EVACUATE,False,True,True
T+036.83h,36.833,44.67,-13.1791,70,75,30.9,86.6,EVACUATE,False,True,True
T+036.92h,36.917,42.19,-29.7344,70,75,30.7,86.6,EVACUATE,False,True,True
T+037.00h,37.0,43.76,18.7325,70,75,30.7,86.6,EVACUATE,False,True,True
T+037.08h,37.083,45.14,16.5878,70,75,31.6,86.6,EVACUATE,False,True,True
T+037.17h,37.167,44.01,-13.5755,70,75,30.5,86.6,EVACUATE,False,True,True
T+037.25h,37.25,44.34,4.0493,70,75,31.6,83.7,EVACUATE,False,True,True
T+037.33h,37.333,42.98,-16.3804,70,75,31.1,86.6,EVACUATE,False,True,True
T+037.42h,37.417,44.95,23.6074,70,75,31.1,86.6,EVACUATE,False,True,True
T+037.50h,37.5,45.55,7.2685,70,75,31.2,86.6,EVACUATE,False,True,False
T+037.58h,37.583,43.44,-25.3207,70,75,29.7,86.6,EVACUATE,False,True,True
T+037.67h,37.667,44.36,10.9903,70,75,30.8,86.6,EVACUATE,False,True,True
T+037.75h,37.75,46.13,21.244,70,75,31.4,86.6,EVACUATE,False,True,True
T+037.83h,37.833,43.75,-28.5509,70,75,30.2,86.6,EVACUATE,False,True,True
T+037.92h,37.917,43.57,-2.1616,70,75,31.5,78.1,EVACUATE,False,True,True
T+038.00h,38.0,43.54,-0.3516,70,75,31.5,72.6,EVACUATE,False,True,True
T+038.08h,38.083,44.72,14.2149,70,75,31.1,86.6,EVACUATE,False,True,True
T+038.17h,38.167,45.93,14.4527,70,75,30.7,86.6,EVACUATE,False,True,True
T+038.25h,38.25,44.45,-17.7502,70,75,31.1,86.6,EVACUATE,False,True,True
T+038.33h,38.333,44.83,4.61,70,75,31.2,85.4,EVACUATE,False,True,True
T+038.42h,38.417,44.22,-7.3351,70,75,32.0,86.6,EVACUATE,False,True,True
T+038.50h,38.5,45.74,18.1856,70,75,30.6,86.6,EVACUATE,False,False,True
T+038.58h,38.583,45.27,-5.5515,70,75,32.3,86.6,EVACUATE,False,True,True
T+038.67h,38.667,44.52,-9.1133,70,75,30.9,86.6,EVACUATE,False,True,True
T+038.75h,38.75,43.04,-17.7203,70,75,31.0,86.6,EVACUATE,False,True,True
T+038.83h,38.833,44.95,22.9428,70,75,31.0,86.6,EVACUATE,False,True,True
T+038.92h,38.917,43.5,-17.4479,70,75,31.4,86.6,EVACUATE,False,True,True
T+039.00h,39.0,44.81,15.7393,70,75,30.8,86.6,EVACUATE,False,True,True
T+039.08h,39.083,42.81,-24.0005,70,75,30.2,86.6,EVACUATE,False,True,True
T+039.17h,39.167,44.96,25.8581,70,75,32.2,86.6,EVACUATE,False,True,True
T+039.25h,39.25,44.41,-6.5959,70,75,31.3,86.6,EVACUATE,False,True,True
T+039.33h,39.333,44.51,1.1414,70,75,30.7,75.0,EVACUATE,False,True,True
T+039.42h,39.417,42.53,-23.7666,70,75,31.5,86.6,EVACUATE,False,True,True
T+039.50h,39.5,44.54,24.115,70,75,30.8,86.6,EVACUATE,False,True,True
T+039.58h,39.583,44.85,3.7964,70,75,30.9,83.0,EVACUATE,False,True,True
T+039.67h,39.667,46.55,20.3723,70,75,30.4,86.6,EVACUATE,False,True,True
T+039.75h,39.75,44.84,-20.4881,70,75,31.4,86.6,EVACUATE,False,True,True
T+039.83h,39.833,43.46,-16.5899,70,75,31.3,86.6,EVACUATE,False,True,True
T+039.92h,39.917,44.92,17.4424,70,75,31.4,86.6,EVACUATE,False,True,True
T+040.00h,40.0,43.06,-22.2872,70,75,29.9,86.6,EVACUATE,False,True,True
T+040.08h,40.083,43.94,10.5443,70,75,31.3,86.6,EVACUATE,False,True,True
T+040.17h,40.167,43.9,-0.4186,70,75,30.9,72.8,EVACUATE,False,True,True
T+040.25h,40.25,43.38,-6.303,70,75,30.3,86.6,EVACUATE,False,True,True
T+040.33h,40.333,42.42,-11.4547,70,75,30.8,86.6,EVACUATE,False,True,True
T+040.42h,40.417,44.5,24.9585,70,75,30.8,86.6,EVACUATE,False,True,True
T+040.50h,40.5,45.15,7.8352,70,75,30.2,86.6,EVACUATE,False,True,True
T+040.58h,40.583,43.24,-22.941,70,75,30.1,86.6,EVACUATE,False,True,True
T+040.67h,40.667,45.18,23.218,70,75,30.5,86.6,EVACUATE,False,True,True
T+040.75h,40.75,44.28,-10.7481,70,75,31.1,86.6,EVACUATE,False,True,True
T+040.83h,40.833,43.73,-6.6446,70,75,31.6,86.6,EVACUATE,False,True,True
T+040.92h,40.917,44.13,4.8756,70,75,31.3,86.2,EVACUATE,False,True,False
T+041.00h,41.0,44.49,4.259,70,75,30.7,84.4,EVACUATE,False,True,True
T+041.08h,41.083,42.89,-19.2048,70,75,31.0,86.6,EVACUATE,False,True,True
T+041.17h,41.167,42.6,-3.4841,70,75,30.9,82.0,EVACUATE,False,True,True
T+041.25h,41.25,43.91,15.7539,70,75,32.0,86.6,EVACUATE,False,True,True
T+041.33h,41.333,45.1,14.2129,70,75,31.4,86.6,EVACUATE,False,True,True
T+041.42h,41.417,44.89,-2.4487,70,75,31.6,78.9,EVACUATE,False,True,True
T+041.50h,41.5,44.55,-4.0954,70,75,31.2,83.9,EVACUATE,False,True,True
T+041.58h,41.583,45.06,6.1064,70,75,31.2,86.6,EVACUATE,False,True,True
T+041.67h,41.667,44.44,-7.3827,70,75,30.8,86.6,EVACUATE,False,True,True
T+041.75h,41.75,45.43,11.8051,70,75,30.7,86.6,EVACUATE,False,True,True
T+041.83h,41.833,45.99,6.6811,70,75,31.5,86.6,EVACUATE,False,True,True
T+041.92h,41.917,43.16,-33.885,70,75,31.4,86.6,EVACUATE,False,True,True
T+042.00h,42.0,44.14,11.695,70,75,30.8,86.6,EVACUATE,False,True,True
T+042.08h,42.083,45.27,13.5761,70,75,31.4,86.6,EVACUATE,False,True,True
T+042.17h,42.167,44.12,-13.8194,70,75,31.0,86.6,EVACUATE,False,True,True
T+042.25h,42.25,44.4,3.4098,70,75,31.0,81.8,EVACUATE,False,True,True
T+042.33h,42.333,43.66,-8.8928,70,75,30.9,86.6,EVACUATE,False,True,True
T+042.42h,42.417,45.71,24.5712,70,75,31.0,86.6,EVACUATE,False,True,True
T+042.50h,42.5,44.34,-16.4449,70,75,31.6,86.6,EVACUATE,False,True,True
T+042.58h,42.583,45.46,13.4438,70,75,30.7,86.6,EVACUATE,False,True,True
T+042.67h,42.667,44.52,-11.2891,70,75,30.7,86.6,EVACUATE,False,True,True
T+042.75h,42.75,45.3,9.4098,70,75,31.2,86.6,EVACUATE,False,True,True
T+042.83h,42.833,45.03,-3.2751,70,75,30.2,81.4,EVACUATE,False,True,True
T+042.92h,42.917,44.85,-2.161,70,75,31.6,78.1,EVACUATE,False,True,True
T+043.00h,43.0,42.17,-32.1255,70,75,31.0,86.6,EVACUATE,False,True,True
T+043.08h,43.083,44.81,31.6493,70,75,31.9,86.6,EVACUATE,False,True,True
T+043.17h,43.167,42.86,-23.3421,70,75,31.0,86.6,EVACUATE,False,True,True
T+043.25h,43.25,45.7,34.0836,70,75,30.6,86.6,EVACUATE,False,True,True
T+043.33h,43.333,43.55,-25.7856,70,75,31.1,86.6,EVACUATE,False,True,True
T+043.42h,43.417,46.36,33.7206,70,75,31.8,86.6,EVACUATE,False,True,True
T+043.50h,43.5,44.45,-23.0051,70,75,30.7,86.6,EVACUATE,False,True,True
T+043.58h,43.583,45.29,10.0845,70,75,31.4,86.6,EVACUATE,False,True,True
T+043.67h,43.667,43.9,-16.6816,70,75,31.3,86.6,EVACUATE,False,True,True
T+043.75h,43.75,45.32,17.0873,70,75,31.2,86.6,EVACUATE,False,True,True
T+043.83h,43.833,44.46,-10.3748,70,75,31.0,86.6,EVACUATE,False,True,True
T+043.92h,43.917,43.18,-15.3534,70,75,31.5,86.6,EVACUATE,False,True,True
T+044.00h,44.0,43.36,2.2173,70,75,31.5,78.2,EVACUATE,False,False,True
T+044.08h,44.083,43.82,5.4871,70,75,30.9,86.6,EVACUATE,False,True,True
T+044.17h,44.167,44.44,7.4758,70,75,30.3,86.6,EVACUATE,False,True,True
T+044.25h,44.25,43.33,-13.3934,70,75,31.3,86.6,EVACUATE,False,True,True
T+044.33h,44.333,45.28,23.5137,70,75,30.9,86.6,EVACUATE,False,True,True
T+044.42h,44.417,43.44,-22.0787,70,75,30.9,86.6,EVACUATE,False,True,True
T+044.50h,44.5,42.88,-6.7818,70,75,29.6,86.6,EVACUATE,False,True,True
T+044.58h,44.583,43.51,7.6238,70,75,31.3,86.6,EVACUATE,False,True,True
T+044.67h,44.667,43.8,3.3938,70,75,31.2,81.8,EVACUATE,False,True,True
T+044.75h,44.75,44.99,14.284,70,75,31.2,86.6,EVACUATE,False,True,True
T+044.83h,44.833,42.5,-29.8865,70,75,30.4,86.6,EVACUATE,False,True,True
T+044.92h,44.917,43.06,6.723,70,75,30.6,86.6,EVACUATE,False,True,False
T+045.00h,45.0,43.46,4.8252,70,75,31.1,86.1,EVACUATE,False,True,True
T+045.08h,45.083,45.03,18.8511,70,75,31.1,86.6,EVACUATE,False,True,True
T+045.17h,45.167,43.11,-23.0455,70,75,31.4,86.6,EVACUATE,False,True,True
T+045.25h,45.25,42.96,-1.7857,70,75,31.3,76.9,EVACUATE,False,True,True
T+045.33h,45.333,42.97,0.1485,70,75,30.8,72.0,EVACUATE,False,True,True
T+045.42h,45.417,44.21,14.8843,70,75,31.5,86.6,EVACUATE,False,True,True
T+045.50h,45.5,43.91,-3.6088,70,75,31.1,82.4,EVACUATE,False,True,True
T+045.58h,45.583,44.86,11.3802,70,75,30.1,86.6,EVACUATE,False,True,True
T+045.67h,45.667,43.97,-10.6984,70,75,31.5,86.6,EVACUATE,False,True,True
T+045.75h,45.75,43.18,-9.531,70,75,31.4,86.6,EVACUATE,False,True,True
T+045.83h,45.833,42.97,-2.4946,70,75,31.6,79.1,EVACUATE,False,True,True
T+045.92h,45.917,43.52,6.6203,70,75,31.8,86.6,EVACUATE,False,True,True
T+046.00h,46.0,44.94,17.0374,70,75,30.0,86.6,EVACUATE,False,True,True
T+046.08h,46.083,45.74,9.5757,70,75,29.7,86.6,EVACUATE,False,True,True
T+046.17h,46.167,43.26,-29.7459,70,75,31.1,86.6,EVACUATE,False,True,True
T+046.25h,46.25,46.0,32.9338,70,75,31.4,86.6,EVACUATE,False,True,True
T+046.33h,46.333,44.21,-21.5506,70,75,31.6,86.6,EVACUATE,False,True,False
T+046.42h,46.417,45.16,11.4545,70,75,30.5,86.6,EVACUATE,False,True,True
T+046.50h,46.5,45.33,2.0708,70,75,31.1,77.8,EVACUATE,False,True,True
T+046.58h,46.583,44.33,-12.0117,70,75,31.7,86.6,EVACUATE,False,True,True
T+046.67h,46.667,44.2,-1.5685,70,75,30.8,76.3,EVACUATE,False,True,True
T+046.75h,46.75,44.27,0.7904,70,75,31.3,74.0,EVACUATE,False,True,True
T+046.83h,46.833,44.49,2.6235,70,75,30.9,79.5,EVACUATE,False,True,True
T+046.92h,46.917,43.9,-7.0046,70,75,30.2,86.6,EVACUATE,False,True,True
T+047.00h,47.0,45.14,14.7802,70,75,30.5,86.6,EVACUATE,False,True,False
T+047.08h,47.083,45.14,0.0208,70,75,30.9,71.6,EVACUATE,False,True,True
T+047.17h,47.167,44.28,-10.2322,70,75,30.7,86.6,EVACUATE,False,True,True
T+047.25h,47.25,45.92,19.664,70,75,29.7,86.6,EVACUATE,False,True,True
T+047.33h,47.333,43.07,-34.2626,70,75,31.0,86.6,EVACUATE,False,True,False
T+047.42h,47.417,45.04,23.6875,70,75,31.4,86.6,EVACUATE,False,True,True
T+047.50h,47.5,44.69,-4.2667,70,75,31.1,84.4,EVACUATE,False,True,True
T+047.58h,47.583,44.6,-1.0534,70,75,30.8,74.7,EVACUATE,False,True,True
T+047.67h,47.667,43.34,-15.0546,70,75,32.2,86.6,EVACUATE,False,True,True
T+047.75h,47.75,45.31,23.6186,70,75,31.2,86.6,EVACUATE,False,True,True
T+047.83h,47.833,42.06,-39.0704,70,75,30.6,86.6,EVACUATE,False,True,True
T+047.92h,47.917,44.11,24.6824,70,75,31.1,86.6,EVACUATE,False,True,True
